{"loss": [202.39010620117188, 1.8872733116149902, 1.8876018524169922, 1.8866609334945679, 1.8826379776000977], "accuracy": [0.19581831991672516, 0.20273973047733307, 0.20605623722076416, 0.20086517930030823, 0.207065612077713], "val_loss": [1.8851076364517212, 1.8843175172805786, 1.8947659730911255, 1.8889857530593872, 1.8839021921157837], "val_accuracy": [0.2129010707139969, 0.2129010707139969, 0.1975267380475998, 0.2129010707139969, 0.2129010707139969]}