{"loss": [1.9064651727676392, 1.915471076965332, 1.9058738946914673, 1.9070757627487183, 1.9088196754455566], "accuracy": [0.19798125326633453, 0.19178082048892975, 0.20533525943756104, 0.19394376873970032, 0.19682767987251282], "val_loss": [1.906302571296692, 1.8967750072479248, 1.9027577638626099, 1.9133270978927612, 1.9008536338806152], "val_accuracy": [0.2129010707139969, 0.2129010707139969, 0.15741978585720062, 0.2129010707139969, 0.1975267380475998]}